date;woj;typ;tests
2020-05-11;Polska;T;491216
2020-05-11;dolnośląskie;T;33849
2020-05-11;kujawsko-pomorskie;T;15361
2020-05-11;lubelskie;T;21597
2020-05-11;lubuskie;T;6858
2020-05-11;mazowieckie;T;143966
2020-05-11;małopolskie;T;35949
2020-05-11;opolskie;T;4750
2020-05-11;podkarpackie;T;13120
2020-05-11;podlaskie;T;15382
2020-05-11;pomorskie;T;34098
2020-05-11;warmińsko-mazurskie;T;17007
2020-05-11;wielkopolskie;T;48855
2020-05-11;zachodniopomorskie;T;12115
2020-05-11;łódzkie;T;32447
2020-05-11;śląskie;T;42529
2020-05-11;świętokrzyskie;T;13303
2020-05-18;Polska;T;628585
2020-05-18;Polska;N;137369
2020-05-18;dolnośląskie;T;45700
2020-05-18;dolnośląskie;N;11851
2020-05-18;kujawsko-pomorskie;T;23824
2020-05-18;kujawsko-pomorskie;N;8463
2020-05-18;lubelskie;T;27188
2020-05-18;lubelskie;N;5591
2020-05-18;lubuskie;T;8562
2020-05-18;lubuskie;N;1704
2020-05-18;mazowieckie;T;177452
2020-05-18;mazowieckie;N;33486
2020-05-18;małopolskie;T;48686
2020-05-18;małopolskie;N;12737
2020-05-18;opolskie;T;5553
2020-05-18;opolskie;N;803
2020-05-18;podkarpackie;T;15302
2020-05-18;podkarpackie;N;2182
2020-05-18;podlaskie;T;17936
2020-05-18;podlaskie;N;2554
2020-05-18;pomorskie;T;42672
2020-05-18;pomorskie;N;8574
2020-05-18;warmińsko-mazurskie;T;19888
2020-05-18;warmińsko-mazurskie;N;2881
2020-05-18;wielkopolskie;T;70519
2020-05-18;wielkopolskie;N;21664
2020-05-18;zachodniopomorskie;T;16359
2020-05-18;zachodniopomorskie;N;4244
2020-05-18;łódzkie;T;38060
2020-05-18;łódzkie;N;5613
2020-05-18;śląskie;T;55985
2020-05-18;śląskie;N;13456
2020-05-18;świętokrzyskie;T;14899
2020-05-18;świętokrzyskie;N;1596
2020-05-25;Polska;T;764655
2020-05-25;Polska;N;136070
2020-05-25;dolnośląskie;T;58003
2020-05-25;dolnośląskie;N;12303
2020-05-25;kujawsko-pomorskie;T;33081
2020-05-25;kujawsko-pomorskie;N;9257
2020-05-25;lubelskie;T;32240
2020-05-25;lubelskie;N;5052
2020-05-25;lubuskie;T;10489
2020-05-25;lubuskie;N;1927
2020-05-25;mazowieckie;T;210239
2020-05-25;mazowieckie;N;32787
2020-05-25;małopolskie;T;62466
2020-05-25;małopolskie;N;13780
2020-05-25;opolskie;T;6287
2020-05-25;opolskie;N;734
2020-05-25;podkarpackie;T;17342
2020-05-25;podkarpackie;N;2040
2020-05-25;podlaskie;T;20235
2020-05-25;podlaskie;N;2299
2020-05-25;pomorskie;T;50578
2020-05-25;pomorskie;N;7906
2020-05-25;warmińsko-mazurskie;T;23478
2020-05-25;warmińsko-mazurskie;N;3590
2020-05-25;wielkopolskie;T;91178
2020-05-25;wielkopolskie;N;20659
2020-05-25;zachodniopomorskie;T;19975
2020-05-25;zachodniopomorskie;N;3616
2020-05-25;łódzkie;T;43235
2020-05-25;łódzkie;N;5175
2020-05-25;śląskie;T;69143
2020-05-25;śląskie;N;13158
2020-05-25;świętokrzyskie;T;16686
2020-05-25;świętokrzyskie;N;1787
2020-06-01;Polska;T;909097
2020-06-01;Polska;N;144442
2020-06-01;dolnośląskie;T;70568
2020-06-01;dolnośląskie;N;12565
2020-06-01;kujawsko-pomorskie;T;44390
2020-06-01;kujawsko-pomorskie;N;11309
2020-06-01;lubelskie;T;38067
2020-06-01;lubelskie;N;5827
2020-06-01;lubuskie;T;12268
2020-06-01;lubuskie;N;1779
2020-06-01;mazowieckie;T;244399
2020-06-01;mazowieckie;N;34160
2020-06-01;małopolskie;T;75705
2020-06-01;małopolskie;N;13239
2020-06-01;opolskie;T;7300
2020-06-01;opolskie;N;1013
2020-06-01;podkarpackie;T;19163
2020-06-01;podkarpackie;N;1821
2020-06-01;podlaskie;T;23122
2020-06-01;podlaskie;N;2887
2020-06-01;pomorskie;T;59540
2020-06-01;pomorskie;N;8962
2020-06-01;warmińsko-mazurskie;T;26743
2020-06-01;warmińsko-mazurskie;N;3265
2020-06-01;wielkopolskie;T;108630
2020-06-01;wielkopolskie;N;17452
2020-06-01;zachodniopomorskie;T;24992
2020-06-01;zachodniopomorskie;N;5017
2020-06-01;łódzkie;T;48100
2020-06-01;łódzkie;N;4865
2020-06-01;śląskie;T;87422
2020-06-01;śląskie;N;18279
2020-06-01;świętokrzyskie;T;18688
2020-06-01;świętokrzyskie;N;2002
2020-06-08;Polska;T;1034487
2020-06-08;Polska;N;125390
2020-06-08;dolnośląskie;T;81843
2020-06-08;dolnośląskie;N;11275
2020-06-08;kujawsko-pomorskie;T;49449
2020-06-08;kujawsko-pomorskie;N;5059
2020-06-08;lubelskie;T;43264
2020-06-08;lubelskie;N;5197
2020-06-08;lubuskie;T;14014
2020-06-08;lubuskie;N;1746
2020-06-08;mazowieckie;T;276783
2020-06-08;mazowieckie;N;32384
2020-06-08;małopolskie;T;84937
2020-06-08;małopolskie;N;9232
2020-06-08;opolskie;T;8469
2020-06-08;opolskie;N;1169
2020-06-08;podkarpackie;T;20831
2020-06-08;podkarpackie;N;1668
2020-06-08;podlaskie;T;26726
2020-06-08;podlaskie;N;3604
2020-06-08;pomorskie;T;71483
2020-06-08;pomorskie;N;11943
2020-06-08;warmińsko-mazurskie;T;29169
2020-06-08;warmińsko-mazurskie;N;2426
2020-06-08;wielkopolskie;T;118694
2020-06-08;wielkopolskie;N;10064
2020-06-08;zachodniopomorskie;T;29195
2020-06-08;zachodniopomorskie;N;4203
2020-06-08;łódzkie;T;55510
2020-06-08;łódzkie;N;7410
2020-06-08;śląskie;T;103190
2020-06-08;śląskie;N;15768
2020-06-08;świętokrzyskie;T;20930
2020-06-08;świętokrzyskie;N;2242
2020-06-15;Polska;T;1153445
2020-06-15;Polska;N;118958
2020-06-15;dolnośląskie;T;90694
2020-06-15;dolnośląskie;N;8851
2020-06-15;kujawsko-pomorskie;T;54081
2020-06-15;kujawsko-pomorskie;N;4632
2020-06-15;lubelskie;T;47420
2020-06-15;lubelskie;N;4156
2020-06-15;lubuskie;T;15624
2020-06-15;lubuskie;N;1610
2020-06-15;mazowieckie;T;306582
2020-06-15;mazowieckie;N;29799
2020-06-15;małopolskie;T;94502
2020-06-15;małopolskie;N;9565
2020-06-15;opolskie;T;9584
2020-06-15;opolskie;N;1115
2020-06-15;podkarpackie;T;22841
2020-06-15;podkarpackie;N;2010
2020-06-15;podlaskie;T;30320
2020-06-15;podlaskie;N;3594
2020-06-15;pomorskie;T;79301
2020-06-15;pomorskie;N;7818
2020-06-15;warmińsko-mazurskie;T;31235
2020-06-15;warmińsko-mazurskie;N;2066
2020-06-15;wielkopolskie;T;131753
2020-06-15;wielkopolskie;N;13059
2020-06-15;zachodniopomorskie;T;33600
2020-06-15;zachodniopomorskie;N;4405
2020-06-15;łódzkie;T;64067
2020-06-15;łódzkie;N;8557
2020-06-15;śląskie;T;118400
2020-06-15;śląskie;N;15210
2020-06-15;świętokrzyskie;T;23441
2020-06-15;świętokrzyskie;N;2511
2020-06-22;Polska;T;1290266
2020-06-22;Polska;N;136821
2020-06-22;dolnośląskie;T;101941
2020-06-22;dolnośląskie;N;11247
2020-06-22;kujawsko-pomorskie;T;60254
2020-06-22;kujawsko-pomorskie;N;6173
2020-06-22;lubelskie;T;53205
2020-06-22;lubelskie;N;5785
2020-06-22;lubuskie;T;17069
2020-06-22;lubuskie;N;1445
2020-06-22;mazowieckie;T;340305
2020-06-22;mazowieckie;N;33723
2020-06-22;małopolskie;T;105332
2020-06-22;małopolskie;N;10830
2020-06-22;opolskie;T;10923
2020-06-22;opolskie;N;1339
2020-06-22;podkarpackie;T;25180
2020-06-22;podkarpackie;N;2339
2020-06-22;podlaskie;T;34230
2020-06-22;podlaskie;N;3910
2020-06-22;pomorskie;T;89653
2020-06-22;pomorskie;N;10352
2020-06-22;warmińsko-mazurskie;T;35435
2020-06-22;warmińsko-mazurskie;N;4200
2020-06-22;wielkopolskie;T;142083
2020-06-22;wielkopolskie;N;10330
2020-06-22;zachodniopomorskie;T;39373
2020-06-22;zachodniopomorskie;N;5773
2020-06-22;łódzkie;T;74727
2020-06-22;łódzkie;N;10660
2020-06-22;śląskie;T;134303
2020-06-22;śląskie;N;15903
2020-06-22;świętokrzyskie;T;26253
2020-06-22;świętokrzyskie;N;2812
2020-06-29;Polska;T;1413882
2020-06-29;Polska;N;123616
2020-06-29;dolnośląskie;T;109854
2020-06-29;dolnośląskie;N;7913
2020-06-29;kujawsko-pomorskie;T;67373
2020-06-29;kujawsko-pomorskie;N;7119
2020-06-29;lubelskie;T;59374
2020-06-29;lubelskie;N;6169
2020-06-29;lubuskie;T;18251
2020-06-29;lubuskie;N;1182
2020-06-29;mazowieckie;T;368593
2020-06-29;mazowieckie;N;28288
2020-06-29;małopolskie;T;115419
2020-06-29;małopolskie;N;10087
2020-06-29;opolskie;T;12345
2020-06-29;opolskie;N;1422
2020-06-29;podkarpackie;T;28041
2020-06-29;podkarpackie;N;2861
2020-06-29;podlaskie;T;38236
2020-06-29;podlaskie;N;4006
2020-06-29;pomorskie;T;99302
2020-06-29;pomorskie;N;9649
2020-06-29;warmińsko-mazurskie;T;39032
2020-06-29;warmińsko-mazurskie;N;3597
2020-06-29;wielkopolskie;T;150721
2020-06-29;wielkopolskie;N;8638
2020-06-29;zachodniopomorskie;T;45226
2020-06-29;zachodniopomorskie;N;5853
2020-06-29;łódzkie;T;84616
2020-06-29;łódzkie;N;9889
2020-06-29;śląskie;T;148096
2020-06-29;śląskie;N;13793
2020-06-29;świętokrzyskie;T;29403
2020-06-29;świętokrzyskie;N;3150
2020-07-06;Polska;T;1546362
2020-07-06;Polska;N;132480
2020-07-06;dolnośląskie;T;117584
2020-07-06;dolnośląskie;N;7730
2020-07-06;kujawsko-pomorskie;T;73929
2020-07-06;kujawsko-pomorskie;N;6556
2020-07-06;lubelskie;T;64459
2020-07-06;lubelskie;N;5085
2020-07-06;lubuskie;T;19936
2020-07-06;lubuskie;N;1685
2020-07-06;mazowieckie;T;397618
2020-07-06;mazowieckie;N;29025
2020-07-06;małopolskie;T;126083
2020-07-06;małopolskie;N;10664
2020-07-06;opolskie;T;13656
2020-07-06;opolskie;N;1311
2020-07-06;podkarpackie;T;30397
2020-07-06;podkarpackie;N;2356
2020-07-06;podlaskie;T;42168
2020-07-06;podlaskie;N;3932
2020-07-06;pomorskie;T;108884
2020-07-06;pomorskie;N;9582
2020-07-06;warmińsko-mazurskie;T;42111
2020-07-06;warmińsko-mazurskie;N;3079
2020-07-06;wielkopolskie;T;162336
2020-07-06;wielkopolskie;N;11615
2020-07-06;zachodniopomorskie;T;50681
2020-07-06;zachodniopomorskie;N;5455
2020-07-06;łódzkie;T;93977
2020-07-06;łódzkie;N;9361
2020-07-06;śląskie;T;169612
2020-07-06;śląskie;N;21516
2020-07-06;świętokrzyskie;T;32931
2020-07-06;świętokrzyskie;N;3528
2020-07-13;Polska;T;1681224
2020-07-13;Polska;N;134862
2020-07-13;dolnośląskie;T;139223
2020-07-13;dolnośląskie;N;21639
2020-07-13;kujawsko-pomorskie;T;80281
2020-07-13;kujawsko-pomorskie;N;6352
2020-07-13;lubelskie;T;70625
2020-07-13;lubelskie;N;6166
2020-07-13;lubuskie;T;21572
2020-07-13;lubuskie;N;1636
2020-07-13;mazowieckie;T;422721
2020-07-13;mazowieckie;N;25103
2020-07-13;małopolskie;T;137004
2020-07-13;małopolskie;N;10921
2020-07-13;opolskie;T;14878
2020-07-13;opolskie;N;1222
2020-07-13;podkarpackie;T;33089
2020-07-13;podkarpackie;N;2692
2020-07-13;podlaskie;T;45844
2020-07-13;podlaskie;N;3676
2020-07-13;pomorskie;T;116754
2020-07-13;pomorskie;N;7870
2020-07-13;warmińsko-mazurskie;T;45173
2020-07-13;warmińsko-mazurskie;N;3062
2020-07-13;wielkopolskie;T;173502
2020-07-13;wielkopolskie;N;11166
2020-07-13;zachodniopomorskie;T;56438
2020-07-13;zachodniopomorskie;N;5757
2020-07-13;łódzkie;T;104426
2020-07-13;łódzkie;N;10449
2020-07-13;śląskie;T;182812
2020-07-13;śląskie;N;13200
2020-07-13;świętokrzyskie;T;36882
2020-07-13;świętokrzyskie;N;3951
2020-07-20;Polska;T;1807329
2020-07-20;Polska;N;126105
2020-07-20;dolnośląskie;T;148743
2020-07-20;dolnośląskie;N;9520
2020-07-20;kujawsko-pomorskie;T;86816
2020-07-20;kujawsko-pomorskie;N;6535
2020-07-20;lubelskie;T;76710
2020-07-20;lubelskie;N;6085
2020-07-20;lubuskie;T;23414
2020-07-20;lubuskie;N;1842
2020-07-20;mazowieckie;T;448231
2020-07-20;mazowieckie;N;25510
2020-07-20;małopolskie;T;148726
2020-07-20;małopolskie;N;11722
2020-07-20;opolskie;T;16068
2020-07-20;opolskie;N;1190
2020-07-20;podkarpackie;T;36600
2020-07-20;podkarpackie;N;3511
2020-07-20;podlaskie;T;48989
2020-07-20;podlaskie;N;3145
2020-07-20;pomorskie;T;126268
2020-07-20;pomorskie;N;9514
2020-07-20;warmińsko-mazurskie;T;47992
2020-07-20;warmińsko-mazurskie;N;2819
2020-07-20;wielkopolskie;T;184341
2020-07-20;wielkopolskie;N;10839
2020-07-20;zachodniopomorskie;T;62753
2020-07-20;zachodniopomorskie;N;6315
2020-07-20;łódzkie;T;113996
2020-07-20;łódzkie;N;9570
2020-07-20;śląskie;T;196375
2020-07-20;śląskie;N;13563
2020-07-20;świętokrzyskie;T;41307
2020-07-20;świętokrzyskie;N;4425
2020-07-27;Polska;T;1933983
2020-07-27;Polska;N;126654
2020-07-27;dolnośląskie;T;158614
2020-07-27;dolnośląskie;N;9871
2020-07-27;kujawsko-pomorskie;T;93765
2020-07-27;kujawsko-pomorskie;N;6949
2020-07-27;lubelskie;T;81723
2020-07-27;lubelskie;N;5013
2020-07-27;lubuskie;T;25020
2020-07-27;lubuskie;N;1606
2020-07-27;mazowieckie;T;473511
2020-07-27;mazowieckie;N;25280
2020-07-27;małopolskie;T;163298
2020-07-27;małopolskie;N;14572
2020-07-27;opolskie;T;17292
2020-07-27;opolskie;N;1224
2020-07-27;podkarpackie;T;39423
2020-07-27;podkarpackie;N;2823
2020-07-27;podlaskie;T;51586
2020-07-27;podlaskie;N;2597
2020-07-27;pomorskie;T;135924
2020-07-27;pomorskie;N;9656
2020-07-27;warmińsko-mazurskie;T;51060
2020-07-27;warmińsko-mazurskie;N;3068
2020-07-27;wielkopolskie;T;194131
2020-07-27;wielkopolskie;N;9790
2020-07-27;zachodniopomorskie;T;69404
2020-07-27;zachodniopomorskie;N;6651
2020-07-27;łódzkie;T;123532
2020-07-27;łódzkie;N;9536
2020-07-27;śląskie;T;209437
2020-07-27;śląskie;N;13062
2020-07-27;świętokrzyskie;T;46263
2020-07-27;świętokrzyskie;N;4956
2020-08-03;Polska;T;2075485
2020-08-03;Polska;N;141502
2020-08-03;dolnośląskie;T;169281
2020-08-03;dolnośląskie;N;10667
2020-08-03;kujawsko-pomorskie;T;100827
2020-08-03;kujawsko-pomorskie;N;7062
2020-08-03;lubelskie;T;87667
2020-08-03;lubelskie;N;5944
2020-08-03;lubuskie;T;26590
2020-08-03;lubuskie;N;1570
2020-08-03;mazowieckie;T;501404
2020-08-03;mazowieckie;N;27893
2020-08-03;małopolskie;T;179413
2020-08-03;małopolskie;N;16115
2020-08-03;opolskie;T;18712
2020-08-03;opolskie;N;1420
2020-08-03;podkarpackie;T;42330
2020-08-03;podkarpackie;N;2907
2020-08-03;podlaskie;T;54741
2020-08-03;podlaskie;N;3155
2020-08-03;pomorskie;T;146718
2020-08-03;pomorskie;N;10794
2020-08-03;warmińsko-mazurskie;T;54278
2020-08-03;warmińsko-mazurskie;N;3218
2020-08-03;wielkopolskie;T;206012
2020-08-03;wielkopolskie;N;11881
2020-08-03;zachodniopomorskie;T;76638
2020-08-03;zachodniopomorskie;N;7234
2020-08-03;łódzkie;T;133654
2020-08-03;łódzkie;N;10122
2020-08-03;śląskie;T;225406
2020-08-03;śląskie;N;15969
2020-08-03;świętokrzyskie;T;51814
2020-08-03;świętokrzyskie;N;5551
2020-08-10;Polska;T;2237561
2020-08-10;Polska;N;162076
2020-08-10;dolnośląskie;T;181719
2020-08-10;dolnośląskie;N;12438
2020-08-10;kujawsko-pomorskie;T;107944
2020-08-10;kujawsko-pomorskie;N;7117
2020-08-10;lubelskie;T;94012
2020-08-10;lubelskie;N;6345
2020-08-10;lubuskie;T;28080
2020-08-10;lubuskie;N;1490
2020-08-10;mazowieckie;T;532110
2020-08-10;mazowieckie;N;30706
2020-08-10;małopolskie;T;197881
2020-08-10;małopolskie;N;18468
2020-08-10;opolskie;T;20538
2020-08-10;opolskie;N;1826
2020-08-10;podkarpackie;T;45612
2020-08-10;podkarpackie;N;3282
2020-08-10;podlaskie;T;58176
2020-08-10;podlaskie;N;3435
2020-08-10;pomorskie;T;158463
2020-08-10;pomorskie;N;11745
2020-08-10;warmińsko-mazurskie;T;57729
2020-08-10;warmińsko-mazurskie;N;3451
2020-08-10;wielkopolskie;T;218592
2020-08-10;wielkopolskie;N;12580
2020-08-10;zachodniopomorskie;T;85860
2020-08-10;zachodniopomorskie;N;9222
2020-08-10;łódzkie;T;144335
2020-08-10;łódzkie;N;10681
2020-08-10;śląskie;T;252261
2020-08-10;śląskie;N;26855
2020-08-10;świętokrzyskie;T;54249
2020-08-10;świętokrzyskie;N;2435
2020-08-17;Polska;T;2389253
2020-08-17;Polska;N;151692
2020-08-17;dolnośląskie;T;193495
2020-08-17;dolnośląskie;N;11776
2020-08-17;kujawsko-pomorskie;T;115591
2020-08-17;kujawsko-pomorskie;N;7647
2020-08-17;lubelskie;T;99599
2020-08-17;lubelskie;N;5587
2020-08-17;lubuskie;T;29660
2020-08-17;lubuskie;N;1580
2020-08-17;mazowieckie;T;559436
2020-08-17;mazowieckie;N;27326
2020-08-17;małopolskie;T;213874
2020-08-17;małopolskie;N;15993
2020-08-17;opolskie;T;22610
2020-08-17;opolskie;N;2072
2020-08-17;podkarpackie;T;48786
2020-08-17;podkarpackie;N;3174
2020-08-17;podlaskie;T;61136
2020-08-17;podlaskie;N;2960
2020-08-17;pomorskie;T;172156
2020-08-17;pomorskie;N;13693
2020-08-17;warmińsko-mazurskie;T;61775
2020-08-17;warmińsko-mazurskie;N;4046
2020-08-17;wielkopolskie;T;231272
2020-08-17;wielkopolskie;N;12680
2020-08-17;zachodniopomorskie;T;93402
2020-08-17;zachodniopomorskie;N;7542
2020-08-17;łódzkie;T;155979
2020-08-17;łódzkie;N;11644
2020-08-17;śląskie;T;272752
2020-08-17;śląskie;N;20491
2020-08-17;świętokrzyskie;T;57730
2020-08-17;świętokrzyskie;N;3481
2020-08-24;Polska;T;2555863
2020-08-24;Polska;N;166610
2020-08-24;dolnośląskie;T;206533
2020-08-24;dolnośląskie;N;13038
2020-08-24;kujawsko-pomorskie;T;125265
2020-08-24;kujawsko-pomorskie;N;9674
2020-08-24;lubelskie;T;105669
2020-08-24;lubelskie;N;6070
2020-08-24;lubuskie;T;31289
2020-08-24;lubuskie;N;1629
2020-08-24;mazowieckie;T;591116
2020-08-24;mazowieckie;N;31680
2020-08-24;małopolskie;T;231613
2020-08-24;małopolskie;N;17739
2020-08-24;opolskie;T;24610
2020-08-24;opolskie;N;2000
2020-08-24;podkarpackie;T;51677
2020-08-24;podkarpackie;N;2891
2020-08-24;podlaskie;T;64645
2020-08-24;podlaskie;N;3509
2020-08-24;pomorskie;T;188220
2020-08-24;pomorskie;N;16064
2020-08-24;warmińsko-mazurskie;T;65900
2020-08-24;warmińsko-mazurskie;N;4125
2020-08-24;wielkopolskie;T;243183
2020-08-24;wielkopolskie;N;11911
2020-08-24;zachodniopomorskie;T;101884
2020-08-24;zachodniopomorskie;N;8482
2020-08-24;łódzkie;T;168416
2020-08-24;łódzkie;N;12437
2020-08-24;śląskie;T;294496
2020-08-24;śląskie;N;21744
2020-08-24;świętokrzyskie;T;61347
2020-08-24;świętokrzyskie;N;3617
2020-08-31;Polska;T;2714472
2020-08-31;Polska;N;158609
2020-08-31;dolnośląskie;T;214339
2020-08-31;dolnośląskie;N;7806
2020-08-31;kujawsko-pomorskie;T;134662
2020-08-31;kujawsko-pomorskie;N;9397
2020-08-31;lubelskie;T;112018
2020-08-31;lubelskie;N;6349
2020-08-31;lubuskie;T;33167
2020-08-31;lubuskie;N;1878
2020-08-31;mazowieckie;T;623026
2020-08-31;mazowieckie;N;31910
2020-08-31;małopolskie;T;248439
2020-08-31;małopolskie;N;16826
2020-08-31;opolskie;T;26462
2020-08-31;opolskie;N;1852
2020-08-31;podkarpackie;T;54673
2020-08-31;podkarpackie;N;2996
2020-08-31;podlaskie;T;67984
2020-08-31;podlaskie;N;3339
2020-08-31;pomorskie;T;204907
2020-08-31;pomorskie;N;16687
2020-08-31;warmińsko-mazurskie;T;69483
2020-08-31;warmińsko-mazurskie;N;3583
2020-08-31;wielkopolskie;T;254104
2020-08-31;wielkopolskie;N;10921
2020-08-31;zachodniopomorskie;T;109952
2020-08-31;zachodniopomorskie;N;8068
2020-08-31;łódzkie;T;179613
2020-08-31;łódzkie;N;11197
2020-08-31;śląskie;T;315853
2020-08-31;śląskie;N;21357
2020-08-31;świętokrzyskie;T;65790
2020-08-31;świętokrzyskie;N;4443
2020-09-07;Polska;T;2870363
2020-09-07;Polska;N;155891
2020-09-07;dolnośląskie;T;229785
2020-09-07;dolnośląskie;N;15446
2020-09-07;kujawsko-pomorskie;T;142185
2020-09-07;kujawsko-pomorskie;N;7523
2020-09-07;lubelskie;T;117528
2020-09-07;lubelskie;N;5510
2020-09-07;lubuskie;T;35272
2020-09-07;lubuskie;N;2105
2020-09-07;mazowieckie;T;650018
2020-09-07;mazowieckie;N;26992
2020-09-07;małopolskie;T;262860
2020-09-07;małopolskie;N;14421
2020-09-07;opolskie;T;28204
2020-09-07;opolskie;N;1742
2020-09-07;podkarpackie;T;57054
2020-09-07;podkarpackie;N;2381
2020-09-07;podlaskie;T;71538
2020-09-07;podlaskie;N;3554
2020-09-07;pomorskie;T;219511
2020-09-07;pomorskie;N;14604
2020-09-07;warmińsko-mazurskie;T;72582
2020-09-07;warmińsko-mazurskie;N;3099
2020-09-07;wielkopolskie;T;270794
2020-09-07;wielkopolskie;N;16690
2020-09-07;zachodniopomorskie;T;116791
2020-09-07;zachodniopomorskie;N;6839
2020-09-07;łódzkie;T;192264
2020-09-07;łódzkie;N;12651
2020-09-07;śląskie;T;334215
2020-09-07;śląskie;N;18362
2020-09-07;świętokrzyskie;T;69762
2020-09-07;świętokrzyskie;N;3972
2020-09-14;Polska;T;2998460
2020-09-14;Polska;N;128097
2020-09-14;dolnośląskie;T;240412
2020-09-14;dolnośląskie;N;10627
2020-09-14;kujawsko-pomorskie;T;150314
2020-09-14;kujawsko-pomorskie;N;8129
2020-09-14;lubelskie;T;122541
2020-09-14;lubelskie;N;5013
2020-09-14;lubuskie;T;36899
2020-09-14;lubuskie;N;1627
2020-09-14;mazowieckie;T;675236
2020-09-14;mazowieckie;N;25218
2020-09-14;małopolskie;T;273958
2020-09-14;małopolskie;N;11098
2020-09-14;opolskie;T;30087
2020-09-14;opolskie;N;1883
2020-09-14;podkarpackie;T;58486
2020-09-14;podkarpackie;N;1432
2020-09-14;podlaskie;T;74747
2020-09-14;podlaskie;N;3209
2020-09-14;pomorskie;T;232211
2020-09-14;pomorskie;N;12700
2020-09-14;warmińsko-mazurskie;T;75404
2020-09-14;warmińsko-mazurskie;N;2822
2020-09-14;wielkopolskie;T;282308
2020-09-14;wielkopolskie;N;11514
2020-09-14;zachodniopomorskie;T;122043
2020-09-14;zachodniopomorskie;N;5252
2020-09-14;łódzkie;T;201199
2020-09-14;łódzkie;N;8935
2020-09-14;śląskie;T;349628
2020-09-14;śląskie;N;15413
2020-09-14;świętokrzyskie;T;72987
2020-09-14;świętokrzyskie;N;3225
2020-09-21;Polska;T;3134312
2020-09-21;Polska;N;135852
2020-09-21;dolnośląskie;T;249631
2020-09-21;dolnośląskie;N;9219
2020-09-21;kujawsko-pomorskie;T;160139
2020-09-21;kujawsko-pomorskie;N;9825
2020-09-21;lubelskie;T;127760
2020-09-21;lubelskie;N;5219
2020-09-21;lubuskie;T;38450
2020-09-21;lubuskie;N;1551
2020-09-21;mazowieckie;T;700871
2020-09-21;mazowieckie;N;25635
2020-09-21;małopolskie;T;286200
2020-09-21;małopolskie;N;12242
2020-09-21;opolskie;T;31950
2020-09-21;opolskie;N;1863
2020-09-21;podkarpackie;T;60591
2020-09-21;podkarpackie;N;2105
2020-09-21;podlaskie;T;77795
2020-09-21;podlaskie;N;3048
2020-09-21;pomorskie;T;245390
2020-09-21;pomorskie;N;13179
2020-09-21;warmińsko-mazurskie;T;78309
2020-09-21;warmińsko-mazurskie;N;2905
2020-09-21;wielkopolskie;T;294658
2020-09-21;wielkopolskie;N;12350
2020-09-21;zachodniopomorskie;T;130549
2020-09-21;zachodniopomorskie;N;8506
2020-09-21;łódzkie;T;210794
2020-09-21;łódzkie;N;9595
2020-09-21;śląskie;T;365211
2020-09-21;śląskie;N;15583
2020-09-21;świętokrzyskie;T;76014
2020-09-21;świętokrzyskie;N;3027
2020-09-28;Polska;T;3282160
2020-09-28;Polska;N;147848
2020-09-28;dolnośląskie;T;259473
2020-09-28;dolnośląskie;N;9842
2020-09-28;kujawsko-pomorskie;T;170401
2020-09-28;kujawsko-pomorskie;N;10262
2020-09-28;lubelskie;T;133221
2020-09-28;lubelskie;N;5461
2020-09-28;lubuskie;T;40246
2020-09-28;lubuskie;N;1796
2020-09-28;mazowieckie;T;730026
2020-09-28;mazowieckie;N;29155
2020-09-28;małopolskie;T;298603
2020-09-28;małopolskie;N;12403
2020-09-28;opolskie;T;33896
2020-09-28;opolskie;N;1946
2020-09-28;podkarpackie;T;64103
2020-09-28;podkarpackie;N;3512
2020-09-28;podlaskie;T;81342
2020-09-28;podlaskie;N;3547
2020-09-28;pomorskie;T;259042
2020-09-28;pomorskie;N;13652
2020-09-28;warmińsko-mazurskie;T;81376
2020-09-28;warmińsko-mazurskie;N;3067
2020-09-28;wielkopolskie;T;308307
2020-09-28;wielkopolskie;N;13649
2020-09-28;zachodniopomorskie;T;138870
2020-09-28;zachodniopomorskie;N;8321
2020-09-28;łódzkie;T;221532
2020-09-28;łódzkie;N;10738
2020-09-28;śląskie;T;381650
2020-09-28;śląskie;N;16439
2020-09-28;świętokrzyskie;T;80072
2020-09-28;świętokrzyskie;N;4058
2020-10-05;Polska;T;3466445
2020-10-05;Polska;N;184285
2020-10-05;dolnośląskie;T;272465
2020-10-05;dolnośląskie;N;12992
2020-10-05;kujawsko-pomorskie;T;184538
2020-10-05;kujawsko-pomorskie;N;14137
2020-10-05;lubelskie;T;141779
2020-10-05;lubelskie;N;8558
2020-10-05;lubuskie;T;42527
2020-10-05;lubuskie;N;2281
2020-10-05;mazowieckie;T;764297
2020-10-05;mazowieckie;N;34271
2020-10-05;małopolskie;T;313937
2020-10-05;małopolskie;N;15334
2020-10-05;opolskie;T;35662
2020-10-05;opolskie;N;1766
2020-10-05;podkarpackie;T;65589
2020-10-05;podkarpackie;N;1486
2020-10-05;podlaskie;T;87599
2020-10-05;podlaskie;N;6257
2020-10-05;pomorskie;T;273937
2020-10-05;pomorskie;N;14895
2020-10-05;warmińsko-mazurskie;T;85536
2020-10-05;warmińsko-mazurskie;N;4160
2020-10-05;wielkopolskie;T;325918
2020-10-05;wielkopolskie;N;17611
2020-10-05;zachodniopomorskie;T;148411
2020-10-05;zachodniopomorskie;N;9541
2020-10-05;łódzkie;T;234136
2020-10-05;łódzkie;N;12604
2020-10-05;śląskie;T;404098
2020-10-05;śląskie;N;22448
2020-10-05;świętokrzyskie;T;86016
2020-10-05;świętokrzyskie;N;5944
2020-10-12;Polska;T;3693129
2020-10-12;Polska;N;226684
2020-10-12;dolnośląskie;T;289627
2020-10-12;dolnośląskie;N;17162
2020-10-12;kujawsko-pomorskie;T;200966
2020-10-12;kujawsko-pomorskie;N;16428
2020-10-12;lubelskie;T;152348
2020-10-12;lubelskie;N;10569
2020-10-12;lubuskie;T;45149
2020-10-12;lubuskie;N;2622
2020-10-12;mazowieckie;T;797777
2020-10-12;mazowieckie;N;33480
2020-10-12;małopolskie;T;333263
2020-10-12;małopolskie;N;19326
2020-10-12;opolskie;T;38034
2020-10-12;opolskie;N;2372
2020-10-12;podkarpackie;T;68011
2020-10-12;podkarpackie;N;2422
2020-10-12;podlaskie;T;92525
2020-10-12;podlaskie;N;4926
2020-10-12;pomorskie;T;293779
2020-10-12;pomorskie;N;19842
2020-10-12;warmińsko-mazurskie;T;90948
2020-10-12;warmińsko-mazurskie;N;5412
2020-10-12;wielkopolskie;T;349583
2020-10-12;wielkopolskie;N;23665
2020-10-12;zachodniopomorskie;T;159676
2020-10-12;zachodniopomorskie;N;11265
2020-10-12;łódzkie;T;249864
2020-10-12;łódzkie;N;15728
2020-10-12;śląskie;T;436728
2020-10-12;śląskie;N;32630
2020-10-12;świętokrzyskie;T;94851
2020-10-12;świętokrzyskie;N;8835
2020-10-19;Polska;T;4011669
2020-10-19;Polska;N;318540
2020-10-19;dolnośląskie;T;313251
2020-10-19;dolnośląskie;N;23624
2020-10-19;kujawsko-pomorskie;T;220674
2020-10-19;kujawsko-pomorskie;N;19708
2020-10-19;lubelskie;T;167693
2020-10-19;lubelskie;N;15345
2020-10-19;lubuskie;T;48464
2020-10-19;lubuskie;N;3315
2020-10-19;mazowieckie;T;856252
2020-10-19;mazowieckie;N;58475
2020-10-19;małopolskie;T;358520
2020-10-19;małopolskie;N;25257
2020-10-19;opolskie;T;41440
2020-10-19;opolskie;N;3406
2020-10-19;podkarpackie;T;74896
2020-10-19;podkarpackie;N;6885
2020-10-19;podlaskie;T;103263
2020-10-19;podlaskie;N;10738
2020-10-19;pomorskie;T;311770
2020-10-19;pomorskie;N;17991
2020-10-19;warmińsko-mazurskie;T;98376
2020-10-19;warmińsko-mazurskie;N;7428
2020-10-19;wielkopolskie;T;381334
2020-10-19;wielkopolskie;N;31751
2020-10-19;zachodniopomorskie;T;176321
2020-10-19;zachodniopomorskie;N;16645
2020-10-19;łódzkie;T;272259
2020-10-19;łódzkie;N;22395
2020-10-19;śląskie;T;482953
2020-10-19;śląskie;N;46225
2020-10-19;świętokrzyskie;T;104203
2020-10-19;świętokrzyskie;N;9352
